{
  "id": "1498433",
  "name": "yunshanfu",
  "font_family": "iconfont",
  "css_prefix_text": "icon-",
  "description": "",
  "glyphs": [
    {
      "icon_id": "123856",
      "name": "用户",
      "font_class": "people",
      "unicode": "e621",
      "unicode_decimal": 58913
    },
    {
      "icon_id": "423695",
      "name": "眼睛",
      "font_class": "yanjing",
      "unicode": "e627",
      "unicode_decimal": 58919
    },
    {
      "icon_id": "824113",
      "name": "信用卡还款",
      "font_class": "xinyongqiahuankuan",
      "unicode": "e685",
      "unicode_decimal": 59013
    },
    {
      "icon_id": "1019747",
      "name": "申请信用卡(1)",
      "font_class": "shenqingxinyongqia1",
      "unicode": "e608",
      "unicode_decimal": 58888
    },
    {
      "icon_id": "1075953",
      "name": "充值",
      "font_class": "chongzhi",
      "unicode": "e662",
      "unicode_decimal": 58978
    },
    {
      "icon_id": "1172731",
      "name": "用户",
      "font_class": "user-copy",
      "unicode": "e600",
      "unicode_decimal": 58880
    },
    {
      "icon_id": "1182328",
      "name": "信用卡还款",
      "font_class": "xinyongqiahuankuan1",
      "unicode": "e62a",
      "unicode_decimal": 58922
    },
    {
      "icon_id": "2118686",
      "name": "余额查询",
      "font_class": "yuechaxun",
      "unicode": "e6d3",
      "unicode_decimal": 59091
    },
    {
      "icon_id": "2676611",
      "name": "提现",
      "font_class": "money-",
      "unicode": "e602",
      "unicode_decimal": 58882
    },
    {
      "icon_id": "2722380",
      "name": "开户",
      "font_class": "kaihu",
      "unicode": "e919",
      "unicode_decimal": 59673
    },
    {
      "icon_id": "3086300",
      "name": "余额查询",
      "font_class": "yuechaxun1",
      "unicode": "e65e",
      "unicode_decimal": 58974
    },
    {
      "icon_id": "3418718",
      "name": "开户",
      "font_class": "kaihu1",
      "unicode": "e641",
      "unicode_decimal": 58945
    },
    {
      "icon_id": "3472663",
      "name": "申请信用卡",
      "font_class": "shenqingxinyongqia",
      "unicode": "e64f",
      "unicode_decimal": 58959
    },
    {
      "icon_id": "4541156",
      "name": "转账",
      "font_class": "zhuanzhang",
      "unicode": "e61b",
      "unicode_decimal": 58907
    },
    {
      "icon_id": "5175908",
      "name": "下 拉 (1)",
      "font_class": "xiala",
      "unicode": "e694",
      "unicode_decimal": 59028
    },
    {
      "icon_id": "6412379",
      "name": "转账",
      "font_class": "zhuanzhang1",
      "unicode": "e605",
      "unicode_decimal": 58885
    },
    {
      "icon_id": "7418069",
      "name": "转账",
      "font_class": "zhuanzhang2",
      "unicode": "e676",
      "unicode_decimal": 58998
    },
    {
      "icon_id": "8746286",
      "name": "返 回",
      "font_class": "fanhui",
      "unicode": "e607",
      "unicode_decimal": 58887
    },
    {
      "icon_id": "9535167",
      "name": "返 回",
      "font_class": "fanhui1",
      "unicode": "e645",
      "unicode_decimal": 58949
    },
    {
      "icon_id": "9659178",
      "name": "下  拉 (3)",
      "font_class": "arrow-bottom",
      "unicode": "e609",
      "unicode_decimal": 58889
    },
    {
      "icon_id": "10578024",
      "name": "下 拉",
      "font_class": "xiala2",
      "unicode": "e603",
      "unicode_decimal": 58883
    },
    {
      "icon_id": "10683334",
      "name": "眼睛",
      "font_class": "yanjing1",
      "unicode": "e601",
      "unicode_decimal": 58881
    },
    {
      "icon_id": "11150779",
      "name": "提现",
      "font_class": "tixianchongzhi",
      "unicode": "e631",
      "unicode_decimal": 58929
    }
  ]
}
